D,dD,k,b,dk,db
2.8308498051841866,0.07780537414339514,-0.001378380915488344,-0.008006810461154682,9.464073074114994e-07,0.0002984754140383361
