D,dD,k,b,dk,db
3.72389047915451,0.0993591362886809,-0.0018132150841896582,-3.700333657837639e-05,5.887996321546014e-07,0.00014869886189145646
