D,dD,k,b,dk,db
2.2039244993669005,0.051693367626494145,-0.0010731220934227148,-0.0177030002700464,1.06870532919274e-06,0.00044190320272624774
