D,dD,k,b,dk,db
11.201336833967657,0.2790927530658645,-0.005454089754822962,0.0016270759516463806,1.7461645303604013e-06,0.00015421996062390625
