D,dD,k,b,dk,db
5.538113698395732,0.14130881842445486,-0.0026965860978189807,-0.002304903068077127,1.1812428339958108e-06,0.00019521820288623192
