f/f0;f;V;mA;xi
0.012;27;0.141;379;0.01377895
0.016;36;0.185;376;0.013667258
0.02;45;0.226;373;0.013464403
0.024;54;0.2638;369;0.013238984
0.028;63;0.2988;364;0.013029827
0.032;72;0.3307;359;0.012794027
0.036;81;0.3594;354;0.012534003
0.04;90;0.3851;349;0.012260427
0.044;99;0.4082;344;0.01198614
0.048;108;0.4265;338;0.011683651
