kHz;mH;kHz2;share
40;10.08;1600;1
100;8.59;10000;1.262786596
150;7.24;22500;1.657407407
200;6.16;40000;2.209876543
300;4.79;90000;3.828877005
400;4.08;160000;6.172413793
500;3.69;250000;9.298701299
600;3.46;360000;13.25925926
800;3.21;640000;24.68965517
1500;2.97;2250000;143.2
7500;2.92;;-
12000;3.05;144000000;55.07692308
16200;3.31;262440000;18.35897436
20000;3.71;400000000;9.063291139
